{"best_model": "GradientBoostingClassifier", "cv_params": {"learning_rate": 0.1, "max_depth": 5, "min_samples_leaf": 5, "n_estimators": 200, "subsample": 0.8}, "cv_f1": 0.8971873051831519, "test_metrics": {"accuracy": 0.9279166666666666, "f1": 0.884125920964501, "roc_auc": 0.9715431542328983}, "timestamp": "2026-01-23T23:21:51.259529", "dataset_info": {"n_samples": 12000, "n_features": 28, "target_balance": 0.3234166666666667, "train_size": 9600, "test_size": 2400, "train_ratio": 0.8, "test_ratio": 0.2}}