{"baseline_dummy":{"accuracy":0.6766666667,"f1":0.0,"roc-auc":0.5},"baseline_logreg":{"accuracy":0.8275,"f1":0.7076271186,"roc-auc":0.8746905312},"decision_tree":{"accuracy":0.8691666667,"f1":0.7947712418,"roc-auc":0.8935764594},"random_forest":{"accuracy":0.9291666667,"f1":0.8854447439,"roc-auc":0.9672947032},"gradient_boosting":{"accuracy":0.9279166667,"f1":0.884125921,"roc-auc":0.9715431542}}