{
    "model_type": "GRU",
    "window_size": 24,
    "hidden_size": 64,
    "num_layers": 2,
    "learning_rate": 0.001,
    "batch_size": 64,
    "n_epochs": 50,
    "best_epoch": 50,
    "best_val_mae": 5.134692668914795,
    "best_val_rmse": 6.674497995537315,
    "best_val_mape": 0.0347415991127491,
    "test_mae": 5.960516929626465,
    "test_rmse": 7.534467460985833,
    "test_mape": 0.038907043635845184,
    "scaler": "StandardScaler(target)",
    "seed": 42,
    "device": "cuda"
}