{"DummyClassifier": {"accuracy": 0.09700176366843033, "f1_macro": 0.09352783696405341, "f1_weighted": 0.09705672279565163}, "MultinomialNB": {"accuracy": 0.7991534391534392, "f1_macro": 0.8066511193379895, "f1_weighted": 0.7962669289582203}, "LogisticRegression": {"accuracy": 0.8470546737213404, "f1_macro": 0.852668393888189, "f1_weighted": 0.8465811350744252}, "LinearSVC": {"accuracy": 0.8591181657848325, "f1_macro": 0.8634853300364601, "f1_weighted": 0.8582172779857434}, "LinearSVC Tuned": {"accuracy": 0.8621516754850088, "f1_macro": 0.8661472102423606, "f1_weighted": 0.860907901293414}}