{
  "accuracy": 0.8762610229276896,
  "f1_macro": 0.8754062007580731,
  "f1_weighted": 0.8756038807195023,
  "best_epoch": 5,
  "learning_rate": 2e-05,
  "batch_size": 32,
  "max_length": 512
}