experiment_id,dataset,seed,model_summary,optimizer,lr,momentum,weight_decay,epochs_trained,best_val_accuracy,best_val_loss
E1,EMNIST,42,256-128-64,Adam,0.001,0.0,0.0,20,0.8395833333333333,0.48940505186716715
E2,EMNIST,42,256-128-64 dropout=0.3,Adam,0.001,0.0,0.0,20,0.8245659722222223,0.5365690138604906
E3,EMNIST,42,256-128-64 batchnorm,Adam,0.001,0.0,0.0,20,0.8547743055555556,0.44757778578334384
E4,EMNIST,42,256-128-64 batchnorm earlystop,Adam,0.001,0.0,0.0,12,0.8547743055555556,0.44757778578334384
O1,EMNIST,42,same as E4,Adam,0.1,0.0,0.0,6,0.8217013888888889,0.548272905084822
O2,EMNIST,42,same as E4,Adam,1e-05,0.0,0.0,6,0.5431423611111111,2.5939846462673612
O3,EMNIST,42,same as E4,SGD,0.01,0.9,0.0001,12,0.8510416666666667,0.45106085340181984
